scenario_id,intent,tone,fact_score,tone_score,format_score,overall_score,generated_email,model
1,Follow up after meeting,formal,1.0,0.67,1.0,0.89,"Subject: Follow‑Up on Monday’s Meeting – Proposal Draft & Budget Approval  

Dear [Recipient’s Name],

I hope you are well.  

I am writing to follow up on our meeting held on Monday, during which we discussed the upcoming project proposal. As agreed:

| Item | Action | Deadline |
|------|--------|----------|
| Draft of the proposal | Prepare and circulate for review | **Friday, [Date]** |
| Budget approval | Submit the finalized budget to the Finance Committee | Upon completion of the draft |

Please let me know if there are any additional details or adjustments required before the draft is finalized. I will ensure the proposal is delivered to you by the Friday deadline so that we can proceed promptly with the budget approval process.

Thank you for your attention to these matters. I look forward to your feedback.

Best regards,

[Your Full Name]  
[Your Position]  
[Your Department / Team]  
[Your Company]  
Phone: [Your Phone Number]  
Email: [Your Email Address]  ",Model_A
2,Request proposal approval,formal,1.0,0.67,1.0,0.89,"Subject: Request for Approval of Attached Proposal – Deadline Wednesday, [Date]

Dear [Recipient’s Name],

I hope this message finds you well.

Please find attached the proposal titled **[Proposal Title]** for your review and approval. The document outlines the objectives, scope, timeline, and budget for the upcoming project, and incorporates the feedback received during our recent discussions.

In order to meet the project schedule, we kindly ask that the proposal be approved by **next Wednesday, [Date]**. Your timely confirmation will enable us to proceed with the necessary preparations and adhere to the planned milestones.

Should you have any questions, require clarification, or wish to discuss any aspect of the proposal, I am available at your convenience. Please feel free to contact me by email or phone, and I will be happy to provide any additional information you may need.

Thank you for your attention to this matter. I look forward to your favorable response.

Warm regards,

[Your Full Name]  
[Your Position]  
[Your Department / Team]  
[Your Company]  
Phone: [Your Phone Number]  
Email: [Your Email Address]  

*Attachment: [Proposal_Title].pdf*",Model_A
3,Thank customer,warm,1.0,0.33,1.0,0.78,"Subject: Thank You for Choosing Our Premium Package  

Dear [Customer Name],

I hope this message finds you well. On behalf of the entire team, I’d like to extend a warm thank‑you for purchasing our Premium Package. Your confidence in our services means a great deal to us.

As a Premium member, you now have 24/7 access to our dedicated support team. Whether you have a quick question or need in‑depth assistance, we’re here around the clock to ensure you get the best possible experience.

We’re eager to hear how the Premium Package is working for you. Your feedback helps us continuously improve and tailor our offerings to meet your needs. Please feel free to share any thoughts, suggestions, or success stories at any time.

Thank you once again for choosing us. We look forward to supporting your success and hearing from you soon.

Warm regards,

[Your Full Name]  
[Your Title]  
[Company Name]  
Phone: [Phone Number]  
Email: [Your Email]  
Website: [Company Website]  ",Model_A
4,Schedule project kickoff,professional,1.0,1.0,1.0,1.0,"Subject: Project Kickoff Meeting – July 10, 2024  

Dear [Recipient’s Name],

I hope you are well.  

To officially launch the upcoming project, I would like to schedule a 60‑minute kickoff meeting on **Monday, July 10, 2024**. The meeting will cover the items outlined in the attached agenda.

**Proposed details**  
- **Date:** July 10, 2024 (Monday)  
- **Time:** [Insert preferred time slot] (please let me know if another time works better)  
- **Duration:** 60 minutes  
- **Location/Link:** [Conference room name / virtual meeting link]  

Please review the attached agenda and confirm your availability at your earliest convenience. If you have any additional topics you’d like to discuss, feel free to let me know so I can incorporate them.

Thank you, and I look forward to a successful start.

Best regards,

[Your Full Name]  
[Your Title]  
[Your Department]  
[Your Company]  
[Phone Number]  
[Email Address]  ",Model_A
5,Apologize for delay,empathetic,1.0,0.33,1.0,0.78,"Subject: Apology for Shipment Delay and Updated Delivery Date  

Dear [Customer Name],

I hope you are well. I am writing to sincerely apologize for the delay in delivering your recent order (#[Order Number]). We understand how important timely receipt of your shipment is, and we regret any inconvenience this may have caused.

**What happened**  
Due to unforeseen logistics issues, the original delivery schedule could not be met.  

**New delivery date**  
Your package is now expected to arrive on **August 15, 2026**.  

**Tracking information**  
The tracking details have been updated and can be viewed here:  
[Insert Tracking Link]  

We are closely monitoring the shipment and will keep you informed of any further changes. If you have any questions or need additional assistance, please do not hesitate to reply to this email or contact our support team at [Phone Number] / [Support Email].

Thank you for your patience and understanding. We value your business and are committed to ensuring a smoother experience moving forward.

Warm regards,

[Your Full Name]  
[Your Position]  
[Company Name]  
[Phone Number] | [Email]  
[Company Website]  ",Model_A
6,Reminder for payment,polite,1.0,0.67,1.0,0.89,"Subject: Friendly Reminder – Invoice #5543 Payment Due

Dear [Recipient’s Name],

I hope this message finds you well.

I am writing to remind you that the payment for **Invoice #5543** was due on **[Due Date]** and, according to our records, has not yet been received. We understand that oversights happen, and we wanted to bring this to your attention promptly.

For your convenience, you can settle the outstanding amount online through our secure payment portal here: **[Insert Payment Link]**. The portal accepts major credit cards and bank transfers, and the transaction is processed instantly.

If you have already submitted the payment, please disregard this reminder and accept our thanks. Should you have any questions about the invoice or need assistance with the online payment process, feel free to reply to this email or contact me directly at **[Your Phone Number]**.

Thank you for your prompt attention to this matter. We value our partnership and appreciate your cooperation.

Warm regards,

[Your Full Name]  
[Your Position]  
[Your Company]  
[Phone Number] | [Email Address]  
[Company Website]  ",Model_A
7,Invite team to workshop,enthusiastic,1.0,0.33,0.67,0.67,"Subject: Join Us for an Exciting AI‑Tools Workshop – Register Today!  

Hi Team,

I’m thrilled to invite you to our upcoming **Workshop on AI Tools** scheduled for **August 20**. This session will showcase the latest AI applications that can streamline our workflows, boost creativity, and give us a competitive edge.

**What you’ll get:**  
- Hands‑on demos of cutting‑edge AI platforms  
- Real‑world use‑cases relevant to our projects  
- Opportunities to ask questions and share ideas with colleagues  

**Action required:**  
Please **register by August 10** so we can finalize logistics and ensure we have enough seats and materials for everyone. Click the link below to secure your spot:

[Register for the AI Tools Workshop](#)

Feel free to reach out to me directly if you have any questions or need accommodations.

Looking forward to seeing you there and exploring how AI can empower our work together!

Best regards,  
[Your Name]  
[Your Title]  
[Your Department]  
[Phone] | [Email]  ",Model_A
8,Decline partnership offer,respectful,1.0,0.67,1.0,0.89,"Subject: Re: Partnership Proposal

Dear [Recipient’s Name],

Thank you for sharing your partnership proposal and for the time you and your team invested in outlining the opportunity. We have reviewed the materials carefully.

After a thorough assessment, we have determined that our current strategic priorities differ from the focus of this collaboration. Consequently, we must respectfully decline to move forward with the partnership at this time.

We value the relationship we have built with [Recipient’s Company] and remain interested in exploring potential synergies in the future when our objectives align more closely. Please feel free to stay in touch, and we would be glad to revisit possibilities down the line.

Thank you again for your understanding and for considering us as a partner.

Warm regards,

[Your Full Name]  
[Your Title]  
[Your Company]  
[Phone Number]  
[Email Address]  ",Model_A
9,Request customer feedback,friendly,1.0,0.33,0.67,0.67,"Subject: Your Quick Feedback Would Mean a Lot to Us  

Hi [Customer Name],

I hope you’re enjoying the results of the service we completed for you yesterday.  

We’re always looking to improve, and your perspective is incredibly valuable to us. Could you spare just **2 minutes** to share your thoughts in our short survey?  

[Insert Survey Link]  

Your feedback helps us ensure we continue delivering the high‑quality experience you expect.

Thank you in advance for your time—​we truly appreciate it!

Warm regards,  

[Your Full Name]  
[Your Position]  
[Company Name]  
[Phone] | [Email]  
[Company Website]  ",Model_A
10,Announce product update,professional,1.0,1.0,1.0,1.0,"Subject: Introducing Our New Dashboard – Enhanced Reporting Available Now  

Dear [Customer/Partner Name],

I am pleased to announce a major update to our platform: the launch of a brand‑new dashboard with significantly improved reporting capabilities.  

**What’s new**  
- **Intuitive Dashboard** – A modern, user‑friendly interface that consolidates key metrics in one view.  
- **Enhanced Reporting** – Faster, more detailed reports with customizable filters and visualizations.  
- **Immediate Availability** – The new dashboard is live and ready for use today; simply log in to experience the upgrade.

**How to get started**  
1. Log in to your account as usual.  
2. Click the “Dashboard” tab to explore the new layout.  
3. Use the “Reports” section to generate the insights you need, or consult our updated Help Center for step‑by‑step guides.

Our team has worked diligently to ensure a smooth transition, and we are confident these enhancements will streamline your workflow and provide deeper visibility into your data.

If you have any questions, need assistance, or would like to share feedback, please reply to this email or contact our support team at support@yourcompany.com.

Thank you for your continued partnership.

Best regards,

[Your Name]  
Product Manager – [Your Company]  
Phone: (555) 123‑4567  
Email: your.name@yourcompany.com  
Website: www.yourcompany.com  ",Model_A
1,Follow up after meeting,formal,1.0,0.67,1.0,0.89,"**Subject:** Follow‑Up on Monday’s Meeting and Upcoming Proposal Draft  

**Dear [Recipient’s Name],**  

I am writing to recap our discussion held on Monday and to outline the next steps. As agreed, the draft of the proposal will be completed and delivered to you by Friday.  

In order to proceed smoothly, we will also require budget approval at your earliest convenience. Please let us know if any additional information is needed to facilitate this approval.  

Thank you for your attention to these matters. I look forward to your response.  

**Sincerely,**  
[Your Name]  
[Your Title]  
[Your Company]  
[Contact Information]",Model_B
2,Request proposal approval,formal,1.0,0.67,1.0,0.89,"**Subject:** Request for Approval of Attached Proposal – Deadline Next Wednesday  

**Dear [Recipient’s Name],**  

I hope this message finds you well. Please find the proposal attached for your review and approval.  

In order to stay on schedule, we kindly ask that the proposal be approved by next Wednesday. Should you have any questions or require further clarification, I am available at your convenience to discuss the details.  

Thank you for your attention to this matter.  

**Sincerely,**  
[Your Name]  
[Your Title]  
[Your Department]  
[Your Contact Information]",Model_B
3,Thank customer,warm,1.0,0.33,1.0,0.78,"**Subject:** Thank You for Choosing Our Premium Package  

**Dear Valued Customer,**

Thank you for purchasing our premium package. We’re thrilled to have you with us and want you to know that our support team is available 24/7 should you need any assistance.  

We look forward to hearing your feedback and learning how we can continue to serve you better.

**Warm regards,**  
The Customer Success Team",Model_B
4,Schedule project kickoff,professional,1.0,0.5,1.0,0.83,"**Subject:** Project Kickoff Meeting – July 10

**Dear [Recipient’s Name],**

I am writing to confirm the kickoff for our upcoming project, which is scheduled to begin on **July 10**. To ensure a smooth start, we have arranged a **60‑minute meeting** where we will review the project scope, timelines, and key responsibilities.

Please find the detailed agenda attached for your reference.

Kindly let me know if the proposed time works for you or if any adjustments are needed.

**Best regards,**  
[Your Name]  
[Your Title]  
[Your Company]  
[Phone] | [Email]",Model_B
5,Apologize for delay,empathetic,1.0,0.33,1.0,0.78,"**Subject:** Apology for Shipment Delay and Updated Delivery Details  

Dear [Customer Name],

I’m writing to sincerely apologize for the delay in delivering your recent order. We understand how important timely delivery is to you, and we regret any inconvenience this may have caused.

Your shipment’s new expected delivery date is **August 15**. We have updated the tracking information, which you can view using the link below:

[Insert Tracking Link]

Please know that we are closely monitoring the shipment and are committed to getting it to you as quickly as possible. If you have any questions or need further assistance, do not hesitate to reach out.

Thank you for your patience and understanding.

Warm regards,  
[Your Name]  
[Your Title]  
[Company Name]  
[Contact Information]",Model_B
6,Reminder for payment,polite,1.0,0.67,1.0,0.89,"**Subject:** Friendly Reminder: Invoice #5543 Payment Overdue  

Dear [Recipient’s Name],

I hope you are well. I am writing to remind you that payment for **Invoice #5543** was due on **[original due date]**, and the due date has now passed.  

For your convenience, you can settle the invoice quickly through our **online payment portal** at any time. If you have already processed the payment, please disregard this notice and accept our thanks.

Should you have any questions or need assistance with the payment process, feel free to contact me directly.

Thank you for your attention to this matter.

Kind regards,  

[Your Name]  
[Your Title]  
[Your Company]  
[Phone Number]  
[Email Address]  ",Model_B
7,Invite team to workshop,enthusiastic,1.0,0.0,1.0,0.67,"**Subject:** Join Us for an Exciting AI Tools Workshop – August 20!

Dear Team,

I’m thrilled to invite you to our upcoming **Workshop on AI Tools** scheduled for **August 20**. This hands‑on session will showcase the latest AI technologies and how they can boost our daily workflows and project outcomes.

To ensure we have the right resources and seating, **registration is required**. Please sign up by the end of next week using the link below:

[Register for the AI Tools Workshop](#)

Let’s seize this opportunity to learn, experiment, and inspire one another. I look forward to seeing you there and exploring the future of AI together!

Best regards,  
[Your Name]  
Senior Executive Communications Specialist  
[Your Company]  ",Model_B
8,Decline partnership offer,respectful,1.0,0.67,0.67,0.78,"**Subject:** Regarding Your Partnership Proposal  

Dear [Recipient’s Name],

Thank you for sharing your partnership proposal with us. After a thorough review, we have determined that our current priorities differ from the focus of the proposed collaboration. Consequently, we must decline the partnership at this time.

We value the effort you have invested and remain open to exploring future opportunities that may align more closely with our strategic objectives.

Thank you for your understanding.

Respectfully,  

[Your Name]  
[Your Title]  
[Your Company]  ",Model_B
9,Request customer feedback,friendly,1.0,0.33,1.0,0.78,"**Subject:** We’d Love Your Quick Feedback on Yesterday’s Service  

**Dear [Customer Name],**  

I hope you’re doing well! Our team completed your service yesterday, and we’re eager to hear how everything went. We’ve put together a brief survey that takes just about **2 minutes** to finish. Your feedback is highly valued and helps us continue to improve our service for you and all our customers.  

Thank you in advance for sharing your thoughts!  

**Best regards,**  
[Your Name]  
Customer Experience Manager  
[Company Name]  
[Contact Information]  ",Model_B
10,Announce product update,professional,1.0,0.5,1.0,0.83,"**Subject:** Introducing the New Dashboard and Enhanced Reporting – Available Now  

Dear Valued Customer,

We are pleased to announce a major product update that is now available to you immediately. Our newly launched dashboard offers a more intuitive interface, and the reporting capabilities have been significantly improved to provide deeper insights and faster data retrieval.

These enhancements are designed to streamline your workflow and empower you with better decision‑making tools right away.

Should you have any questions or require assistance in exploring the new features, please do not hesitate to contact our support team.

Best regards,  
[Your Name]  
Senior Executive Communications Specialist  
[Company Name]  
[Phone] | [Email]",Model_B
